"id","name","description","price","image_url","featured","details"
"1","Acme Coffee Beans","Rich medium roast coffee beans for everyday use.","12.5","/images/coffee.jpg",True,"Medium roast Arabica beans with balanced acidity and sweetness. Ideal for drip, pour-over and French press. Recommended dose: 15–18g per 250ml water."
"2","Espresso Machine","Compact home espresso machine with 15-bar pump.","299.99","/images/machine.jpg",True,"Compact home espresso machine with 15-bar pump, steam wand and stainless steel boiler. Supports single and double shots with consistent temperature control."
"3","Milk Frother","Handheld frother for cappuccino and latte drinks.","24.99","/images/frother.jpg",True,"Battery-powered handheld frother to create microfoam for cappuccino and latte art. Works with hot and cold milk, easy to clean stainless steel whisk."
"4","Coffee Grinder","Electric burr grinder with adjustable grind settings.","89.99","/images/grinder.jpg",True,"Electric burr grinder with adjustable grind settings from espresso to French press. 40 mm burrs, low heat build-up, and a removable hopper for easy cleaning."
"5","Coffee Scale","Digital coffee scale with timer and high precision.","29.99","/images/scale.jpg",True,"Digital scale with built-in timer and 0.1g precision. Perfect for pour-over recipes and espresso dialing. Auto tare and backlit display included."
"6","Pour-over Kettle","Gooseneck kettle for precise pouring.","54.9","/images/kettle.jpg",True,"Stainless steel gooseneck kettle with precise spout for controlled pouring. Compatible with gas, electric and induction cooktops. 1 liter capacity."
"7","Coffee Mug","Ceramic mug with heat-resistant handle.","9.99","/images/mug.jpg",False,"Ceramic mug with thick walls to retain heat and a comfortable handle. Dishwasher and microwave safe, 300ml capacity."
"8","Paper Filters","Pack of 100 cone coffee filters.","5.49","/images/filters.jpg",False,"Pack of 100 chlorine-free paper filters suitable for most cone-shaped drippers. Ensures clean cups with low sediment."
"9","Cold Brew Bottle","Glass bottle for cold brew coffee.","39.9","/images/coldbrew.jpg",False,"Glass bottle with integrated filter for brewing cold coffee in the fridge. 1 liter capacity, silicone lid, dishwasher safe parts."
"10","Premium Dark Roast","Strong dark roast beans with chocolate notes.","15.9","/images/dark-roast.jpg",False,"Dark roast Arabica and Robusta blend with chocolate and caramel notes. Best for espresso and milk-based drinks. Low acidity, rich crema."
"11","Tamper","Stainless steel espresso tamper, 58mm.","19.9","/images/tamper.jpg",False,"58mm stainless steel tamper with flat base and ergonomic handle. Provides consistent tamping pressure for better espresso extraction."
"12","Cup Set (6 pcs)","Set of 6 espresso cups and saucers.","34.9","/images/cups-set.jpg",False,"Set of 6 espresso cups and saucers made from thick porcelain. 80ml capacity, stackable design and dishwasher safe."
